K,strategy,accuracy,kappa
1,top-1 reliability-weighted,0.9166666666666666,0.8337650377021815
2,top-2 reliability-weighted,0.9035087719298246,0.8077166350411132
3,top-3 reliability-weighted,0.8925438596491229,0.7868589743589745
4,top-4 reliability-weighted,0.8793859649122807,0.7617419060647515
4,unweighted majority (all 4),0.7675438596491229,0.5529659841296266
1,single judge: jev_noref,0.7609649122807017,0.5054918815663801
1,single judge: jev_ref,0.9276315789473685,0.8555632342778163
1,single judge: clm_noref,0.4407894736842105,0.0
1,single judge: clm_ref,0.43859649122807015,-0.011910334425547456
