id,human,p_normal,p_swapped
31c3401c-t1,1,0.06895926786218229,0.7960086093514721
5d8996a5-t2,0,0.0903964738598676,0.7771756921233801
305a5508-t2,0,0.02114756704243283,0.9299369977182654
95818601-t2,0,0.05460208264276934,0.8906766557062226
14a3cdeb-t1,1,0.05924925568259315,0.7988790322149343
4d25df19-t2,0,0.12105339228926994,0.8594417812820938
00098cc2-t1,1,0.09885887338609939,0.7763528187020959
efe6dc0d-t2,0,0.1182513871183761,0.7829050649486031
ab219a58-t2,1,0.04603356735720142,0.9435859340924759
37b06ed0-t2,0,0.044552249810328994,0.9276174022403383
fad9d1b8-t2,0,0.05941287049691658,0.8214901120189441
11ae84ec-t1,1,0.05841965850344774,0.7491979723568399
0e0aee60-t2,0,0.027083760789526373,0.9339414559578453
8a4ce16b-t1,0,0.06730933624607095,0.7095355379002022
e66c249d-t2,1,0.08118990025530608,0.8113332062857701
18b29f03-t1,0,0.12018829556478725,0.655011972107854
0a0b84a2-t1,0,0.12896608464166978,0.6167960872720475
a9958f23-t2,1,0.07723797066675304,0.8978617566996159
ba67c79e-t2,1,0.15897473799033443,0.6096984682475268
efe6dc8a-t2,0,0.06290570344352935,0.8535559677881074
c64a6018-t1,1,0.039200592541805586,0.7736498651824468
1805ebb2-t2,0,0.06295080514904863,0.7668966778806356
86ce40fe-t1,1,0.058097663841543114,0.821377084643015
523f5ff7-t1,0,0.09309568196418673,0.7594784459676291
1ea1d51f-t1,1,0.0772821630911912,0.7356423835939429
a349f82c-t2,0,0.024890671833665372,0.8761107272097709
ddaa0f5e-t1,0,0.08649542925005739,0.7157520138132595
b007c0c4-t2,0,0.038958499450810154,0.8747980574367918
d13a84b6-t1,1,0.10007632579024212,0.7503995291728168
a579bf73-t2,0,0.05804257859720633,0.820447810141688
19fd4deb-t1,1,0.04006864671320975,0.7864924972174485
e8c203c1-t2,0,0.07567759869991389,0.9116864104019414
c7ed1519-t2,0,0.11437973180901989,0.6827708262916466
86dc9aac-t1,1,0.025336056554608473,0.9088913496743487
f949c697-t1,0,0.08834538351519308,0.6877672250463208
4fdeb331-t2,1,0.053800031837559714,0.8806341709460899
89d19994-t1,0,0.06691359811341505,0.7066868535739325
c244541b-t1,0,0.07349301712585872,0.7926069383961665
3e8c5b48-t2,0,0.09215039307325618,0.8919315253284468
f76e8ee2-t2,0,0.05295043937871512,0.8730779294905837
d8fda751-t2,1,0.10602401181699851,0.8021120860307598
cb1ab6d4-t1,1,0.051958752424543626,0.8525244499969377
3a430001-t1,1,0.059695531129910565,0.7933274495960494
1e692441-t1,1,0.05927764770280611,0.8086844219734626
3a83f182-t1,1,0.04734717806325153,0.7369951540492387
7be5dfcd-t1,0,0.090679954460948,0.6308195217121947
de3a539c-t2,0,0.05528504476577944,0.8802951178034399
fd4eadab-t1,1,0.062401526315535395,0.5303975517901848
08d8cfea-t2,1,0.06052494339318424,0.7275068399014432
9eb5a204-t1,1,0.07709101071079297,0.5845644089248415
0874e59c-t1,0,0.10316552083694942,0.6560473728525529
cbc193b0-t2,1,0.062330367025283655,0.8890511222781442
cb29028e-t2,1,0.055657798298901794,0.8447322460450544
04d16032-t2,0,0.053540990667510294,0.7842725790895155
20c6d543-t2,0,0.03418993663101252,0.8663312024951704
8b1bdee3-t2,1,0.02135449330437046,0.8682647134208232
1769ad5c-t1,1,0.04101537885551667,0.7473545845482363
b89c6144-t1,1,0.028271246406788093,0.8856505984560062
fc80f4e3-t2,0,0.09757364361404576,0.8795506763188313
bf1be9d8-t1,1,0.09514548611868881,0.7090643850160746
