tau,coverage,escalation_rate,accuracy,kappa,n
0.0,1.0,0.0,0.7609649122807017,0.5054918815663801,456
0.05,0.9692982456140351,0.03070175438596491,0.7697368421052632,0.5241502683363148,456
0.1,0.9407894736842105,0.05921052631578947,0.7763157894736842,0.5379939209726443,456
0.15,0.9057017543859649,0.09429824561403509,0.7982456140350878,0.5841807909604521,456
0.2,0.8706140350877193,0.12938596491228072,0.8048245614035088,0.5983849899061869,456
0.25,0.8486842105263158,0.1513157894736842,0.8026315789473685,0.5945224968877825,456
0.3,0.8267543859649122,0.17324561403508773,0.8135964912280702,0.6180678727681211,456
0.35,0.7982456140350878,0.20175438596491227,0.8223684210526315,0.6368141592920353,456
0.4,0.756578947368421,0.24342105263157895,0.8355263157894737,0.6647847565278757,456
0.45,0.7214912280701755,0.27850877192982454,0.8552631578947368,0.7054782455522283,456
0.5,0.6754385964912281,0.32456140350877194,0.8596491228070176,0.7144031472021608,456
0.55,0.6403508771929824,0.35964912280701755,0.8771929824561403,0.7511547681693269,456
0.6,0.5964912280701755,0.40350877192982454,0.881578947368421,0.7607973421926909,456
0.65,0.5372807017543859,0.46271929824561403,0.8903508771929824,0.7792109697286619,456
0.7,0.493421052631579,0.506578947368421,0.8969298245614035,0.7932152367720272,456
0.75,0.4276315789473685,0.5723684210526315,0.8991228070175439,0.797930755447662,456
0.8,0.36403508771929827,0.6359649122807017,0.8991228070175439,0.797930755447662,456
0.85,0.2850877192982456,0.7149122807017544,0.9013157894736842,0.8026315789473684,456
0.9,0.1578947368421053,0.8421052631578947,0.8991228070175439,0.7985594929415155,456
0.95,0.03289473684210531,0.9671052631578947,0.8793859649122807,0.7592720571296937,456
1.0,0.0,1.0,0.875,0.7505183137525916,456
